Code,Name,Fiat,Crypto,Resource
AED,Afghan Afghani,1,0,0
AFN,European Euro,1,0,0
ALL,Albanian Lek,1,0,0
AMD,Algerian Dinar,1,0,0
ANG,United States Dollar,1,0,0
AOA,Angolan Kwanza,1,0,0
ARS,East Caribbean Dollar,1,0,0
AUD,Argentine Peso,1,0,0
AWG,Armenian Dram,1,0,0
AZN,Aruban Florin,1,0,0
BAM,Saint Helena Pound,1,0,0
BBD,Australian Dollar,1,0,0
BDT,Azerbaijan Manat,1,0,0
BGN,Bahamian Dollar,1,0,0
BHD,Bahraini Dinar,1,0,0
BIF,Bangaladeshi Taka,1,0,0
BMD,Barbadian Dollar,1,0,0
BND,Belarusian Dollar,1,0,0
BOB,Belize Dollar,1,0,0
BRL,West African CFA Franc,1,0,0
BSD,Bermudian Dollar,1,0,0
BTN,Bhutanese Ngultrum,1,0,0
BWP,Bolivian Boliviano,1,0,0
BYN,Bosnia and Herzegovina Convertible Mark,1,0,0
BZD,Botswana Pula,1,0,0
CAD,Brazilian Real,1,0,0
CDF,Brunei Dollar,1,0,0
CHF,Bulgarian Lev,1,0,0
CLP,Burundi Franc,1,0,0
CNY,Cape Verdean Escudo,1,0,0
COP,Cambodian Riel,1,0,0
CRC,Central African CFA Franc,1,0,0
CUP,Canadian Dollar,1,0,0
CVE,Cayman Islands Dollar,1,0,0
CZK,New Zealand Dollar,1,0,0
DJF,Chilean Peso,1,0,0
DKK,Chinese Yuan Renminbi,1,0,0
DOP,Colombian Peso,1,0,0
DZD,Comorian Franc,1,0,0
EGP,Congolese Franc,1,0,0
ERN,Costa Rican Colon,1,0,0
ETB,Croatian Kuna,1,0,0
EUR,Cuban Peso,1,0,0
FKP,Netherlands Antillean Guilder,1,0,0
GBP,Czech Koruna,1,0,0
GEL,Danish Krone,1,0,0
GGP,Djiboutian Franc,1,0,0
GHS,Dominican Peso,1,0,0
GIP,Egyptian Pound,1,0,0
GMD,Eritrean Nakfa,1,0,0
GNF,Ethiopian Birr,1,0,0
GTQ,Falkland Islands Pound,1,0,0
GYD,CFP Franc,1,0,0
HKD,Gambian Dalasi,1,0,0
HNL,Georgian Lari,1,0,0
HRK,Ghanaian Cedi,1,0,0
HTG,Gibraltar Pound,1,0,0
HUF,Guatermalan Quetzal,1,0,0
IDR,Gurnsey Pound,1,0,0
ILS,Guinean Franc,1,0,0
IMP,Guyanese Dollar,1,0,0
INR,Haitian Gourde,1,0,0
IQD,Honduran Lempira,1,0,0
IRR,Hong Kong Dollar,1,0,0
ISK,Hungarian Forint,1,0,0
JEP,Icelandic Korona,1,0,0
JMD,Indian Rupee,1,0,0
JOD,Indonesian Rupiah,1,0,0
JPY,Iranian Rial,1,0,0
KES,Iraqi Dinar,1,0,0
KGS,Manx Pound,1,0,0
KHR,Israeli New Shekel,1,0,0
KMF,Jamaican Dollar,1,0,0
KRW,Japanese Yen,1,0,0
KWD,Jersey Pound,1,0,0
KWP,Jordanian Dinar,1,0,0
KYD,Kazakhstani Tenge,1,0,0
KZT,Kenyan Shilling,1,0,0
LAK,Kuwaiti Dinar,1,0,0
LBP,Kygyzstani Som,1,0,0
LKR,Lao Kip,1,0,0
LRD,Lebanese Pound,1,0,0
LSL,Lesotho Loti,1,0,0
LYD,Liberian Dollar,1,0,0
MAD,Libyan Dinar,1,0,0
MDL,Swiss Franc,1,0,0
MGA,Macanese Pataca,1,0,0
MKD,Macedonian Denar,1,0,0
MMK,Malagasy Ariary,1,0,0
MNT,Malawian Kwacha,1,0,0
MOP,Malaysian Ringgit,1,0,0
MRO,Maldivian Rufiyaa,1,0,0
MUR,Mauritanian Ouguiya,1,0,0
MVR,Mauritian Rupee,1,0,0
MWK,Mexican Peso,1,0,0
MXN,Moldovan Leu,1,0,0
MYR,Mongolian Turgrik,1,0,0
MZN,Moroccan Dirham,1,0,0
NAD,Mozambican Metical,1,0,0
NGN,Myanmar Kyat,1,0,0
NIO,Namibian Dollar,1,0,0
NOK,Nepalese Rupee,1,0,0
NPR,Nicaraguan Cordoba,1,0,0
NZD,Nigerian Naira,1,0,0
OMR,North Korean Won,1,0,0
PEN,Norwegian Krone,1,0,0
PGK,Omani Rial,1,0,0
PHP,Pakistani Rupee,1,0,0
PKR,Papua New Guinean Kina,1,0,0
PLN,Paraguayan Guarani,1,0,0
PYG,Peruvian Sol,1,0,0
QAR,Philippine Peso,1,0,0
RON,Polish Zloty,1,0,0
RSD,Qatari Riyal,1,0,0
RUB,Romanian Leu,1,0,0
RWF,Russian Ruble,1,0,0
SAR,Rwandan Franc,1,0,0
SBD,Somoan Tala,1,0,0
SCR,Sao Tome and Principe Dobra,1,0,0
SDG,Saudi Arabian Riyal,1,0,0
SEK,Serbian Dinar,1,0,0
SGD,Seychellois Rupee,1,0,0
SHP,Sierra Leonean Leone,1,0,0
SLL,Singapore Dollar,1,0,0
SOS,Solomon Islands Dollar,1,0,0
SSP,Somali Shilling,1,0,0
STD,South African Rand,1,0,0
SYP,Pound Sterling,1,0,0
SZL,South Korean Won,1,0,0
THB,South Sudanese Pound,1,0,0
TJS,Sri Lanhan Rupee,1,0,0
TMT,Sudanese Pound,1,0,0
TND,Swazi Lilangeni,1,0,0
TOP,Swedish Krona,1,0,0
TRY,Syrian Pound,1,0,0
TTD,New Taiwan Dollar,1,0,0
TWD,Tajikistani Somoni,1,0,0
TZS,Tanzanian Shilling,1,0,0
UAH,Thai Baht,1,0,0
UGX,Tongoan Pa'anga,1,0,0
USD,Trinidad and Tobago Dollar,1,0,0
UYU,Tunisian Dinar,1,0,0
UZS,Turkish Lira,1,0,0
VEF,Turkmen Manat,1,0,0
VND,Ugandan Shilling,1,0,0
VUV,Ukrainian Hryvnia,1,0,0
WST,United Arab Emirates Dirham,1,0,0
XAF,Uruguayan Peso,1,0,0
XCD,Uzbekistani Som,1,0,0
XOF,Vanuatu Vatu,1,0,0
XPF,Venezuelan Bolivar,1,0,0
YER,Vietnamese Dong,1,0,0
ZAR,Yemeni Rial,1,0,0
ZMW,Zambian Kwacha,1,0,0
,,,,
XAU,Gold,0,0,1
XAG,Silver,0,0,1
XPD,Palladium,0,0,1
XPT,Platinum,0,0,1
,,,,
BTC, Bitcoin,0,1,0
ETH, Ethereum,0,1,0
XRP, Ripple,0,1,0
BCH, Bitcoin Cash,0,1,0
XEM, NEM,0,1,0
LTC, Litecoin,0,1,0
NEO, NEO,0,1,0
MIOTA, IOTA,0,1,0
DASH, Dash,0,1,0
ETC, Ethereum Classic,0,1,0
QTUM, Qtum,0,1,0
STRAT, Stratis,0,1,0
XMR, Monero,0,1,0
OMG, OmiseGo,0,1,0
BCC, BitConnect,0,1,0
WAVES, Waves,0,1,0
PAY, TenX,0,1,0
BTS, BitShares,0,1,0
EOS, EOS,0,1,0
ZEC, Zcash,0,1,0
USDT, Tether,0,1,0
ICN, Iconomi,0,1,0
BCN, Bytecoin,0,1,0
STEEM, Steem,0,1,0
SNT, Status,0,1,0
LSK, Lisk,0,1,0
GNT, Golem,0,1,0
REP, Augur,0,1,0
VERI, Veritaseum,0,1,0
SC, Siacoin,0,1,0
XLM, Stellar Lumens,0,1,0
GNO, Gnosis,0,1,0
PPT, Populous,0,1,0
BAT, Basic Attention Token,0,1,0
CVC, Civic,0,1,0
DOGE, Dogecoin,0,1,0
GBYTE, Byteball,0,1,0
FCT, Factom,0,1,0
GAME, GameCredits,0,1,0
MAID, MaidSafeCoin,0,1,0
DGD, DigixDAO,0,1,0
DCR, Decred,0,1,0
MTL, Metal,0,1,0
FUN, FunFair,0,1,0
ICO, ICO,0,1,0
ARDR, Ardor,0,1,0
DGB, DigiByte,0,1,0
MCAP, MCAP,0,1,0
NXT, Nxt,0,1,0
PIVX, PIVX,0,1,0
BNT, Bancor,0,1,0
KMD, Komodo,0,1,0
ANT, Aragon,0,1,0
LKK, Lykke,0,1,0
SNGLS, SingularDTV,0,1,0
ARK, Ark,0,1,0
ETP, Metaverse ETP,0,1,0
MGO, MobileGo,0,1,0
1ST, FirstBlood,0,1,0
BTM, Bytom,0,1,0
DCT, DECENT,0,1,0
NXS, Nexus,0,1,0
PART, Particl,0,1,0
SYS, SysCoin,0,1,0
XEL, Elastic,0,1,0
BTCD, BitcoinDark,0,1,0
XAS, Asch,0,1,0
DICE, Etheroll,0,1,0
STORJ, Storj,0,1,0
WINGS, Wings,0,1,0
BLOCK, Blocknet,0,1,0
NMR, Numeraire,0,1,0
RLC, iExec RLC,0,1,0
UBQ, Ubiq,0,1,0
DNT, district0x,0,1,0
PLR, Pillar,0,1,0
GAS, Gas,0,1,0
EDG, Edgeless,0,1,0
MLN, Melon,0,1,0
LEO, LEOcoin,0,1,0
PPY, Peerplays,0,1,0
ROUND, Round,0,1,0
PPC, Peercoin,0,1,0
NLC2, NoLimitCoin,0,1,0
EMC, Emercoin,0,1,0
STX, Stox,0,1,0
SAFEX, Safe Exchange Coin,0,1,0
BNB, Binance Coin,0,1,0
VSL, vSlice,0,1,0
BDL, Bitdeal,0,1,0
XVG, Verge,0,1,0
LUN, Lunyr,0,1,0
MYST, Mysterium,0,1,0
ADT, adToken,0,1,0
XZC, ZCoin,0,1,0
LBC, LBRY Credits,0,1,0
HMQ, Humaniq,0,1,0
RDD, ReddCoin,0,1,0
BQX, Bitquence,0,1,0
IOC, I/O Coin,0,1,0
NLG, Gulden,0,1,0
TKN, TokenCard,0,1,0
POT, PotCoin,0,1,0
XRL, Rialto,0,1,0
QRL, Quantum Resistant Ledger,0,1,0
TRST, WeTrust,0,1,0
ION, ION,0,1,0
NMC, Namecoin,0,1,0
XCP, Counterparty,0,1,0
CLOAK, CloakCoin,0,1,0
VIA, Viacoin,0,1,0
CFI, Cofound.it,0,1,0
BAY, BitBay,0,1,0
AMP, Synereo,0,1,0
ADX, AdEx,0,1,0
XAUR, Xaurum,0,1,0
FAIR, FairCoin,0,1,0
SNM, SONM,0,1,0
MONA, MonaCoin,0,1,0
DTB, Databits,0,1,0
TAAS, TaaS,0,1,0
SIB, SIBCoin,0,1,0
BLK, BlackCoin,0,1,0
VTC, Vertcoin,0,1,0
MCO, Monaco,0,1,0
FRST, FirstCoin,0,1,0
EB3, EB3 Coin,0,1,0
SKY, Skycoin,0,1,0
PTOY, Patientory,0,1,0
AGRS, Agoras Tokens,0,1,0
XDN, DigitalNote,0,1,0
MUE, MonetaryUnit,0,1,0
TIME, Chronobank,0,1,0
NAV, NAV Coin,0,1,0
ECOB, Ecobit,0,1,0
SAN, Santiment Network Token,0,1,0
OBITS, OBITS,0,1,0
YBC, YbCoin,0,1,0
GUP, Matchpool,0,1,0
GOLOS, Golos,0,1,0
OMNI, Omni,0,1,0
EXP, Expanse,0,1,0
QAU, Quantum,0,1,0
EAC, EarthCoin,0,1,0
OAX, OpenAnx,0,1,0
UNY, Unity Ingot,0,1,0
SOAR, Soarcoin,0,1,0
RADS, Radium,0,1,0
PLBT, Polybius,0,1,0
NXC, Nexium,0,1,0
CLAM, Clams,0,1,0
CRW, Crown,0,1,0
BURST, Burst,0,1,0
XRB, RaiBlocks,0,1,0
WGR, Wagerr,0,1,0
NDC, NEVERDIE,0,1,0
MOON, Mooncoin,0,1,0
WCT, Waves Community Token,0,1,0
VOX, Voxels,0,1,0
GRC, GridCoin,0,1,0
NEOS, NeosCoin,0,1,0
NET, Nimiq,0,1,0
EDR, E-Dinar Coin,0,1,0
ECN, E-coin,0,1,0
UNO, Unobtanium,0,1,0
LMC, LoMoCoin,0,1,0
EMC2, Einsteinium,0,1,0
BITCNY, bitCNY,0,1,0
SWT, Swarm City,0,1,0
MSP, Mothership,0,1,0
SLS, SaluS,0,1,0
PLU, Pluton,0,1,0
BCAP, BCAP,0,1,0
TOA, ToaCoin,0,1,0
DBIX, DubaiCoin,0,1,0
HEAT, HEAT,0,1,0
FTC, Feathercoin,0,1,0
SHIFT, Shift,0,1,0
IXT, InsureX,0,1,0
PEPECASH, Pepe Cash,0,1,0
SPR, SpreadCoin,0,1,0
RBY, Rubycoin,0,1,0
XBC, Bitcoin Plus,0,1,0
BASH, LuckChain,0,1,0
ENRG, Energycoin,0,1,0
BET, DAO.Casino,0,1,0
IFC, Infinitecoin,0,1,0
VRC, VeriCoin,0,1,0
BCY, Bitcrystals,0,1,0
WDC, WorldCoin,0,1,0
ZEN, ZenCash,0,1,0
DMD, Diamond,0,1,0
BELA, BelaCoin,0,1,0
GRS, Groestlcoin,0,1,0
VASH, VPNCoin,0,1,0
SIGT, Signatum,0,1,0
DCN, Dentacoin,0,1,0
XPM, Primecoin,0,1,0
FLDC, FoldingCoin,0,1,0
RISE, Rise,0,1,0
GAM, Gambit,0,1,0
MGC, MergeCoin,0,1,0
FLO, FlorinCoin,0,1,0
NOTE, DNotes,0,1,0
QRK, Quark,0,1,0
XBY, XtraBYtes,0,1,0
INCNT, Incent,0,1,0
CADASTRAL, Bitland,0,1,0
ABY, ArtByte,0,1,0
BPC, Bitpark Coin,0,1,0
AEON, Aeon,0,1,0
ECC, E-Currency Coin,0,1,0
APX, APX,0,1,0
MEC, Megacoin,0,1,0
PASC, Pascal Coin,0,1,0
ICASH, iCash,0,1,0
SLR, SolarCoin,0,1,0
ETT, EncryptoTel,0,1,0
XCN, Cryptonite,0,1,0
COVAL, Circuits of Value,0,1,0
SPHR, Sphere,0,1,0
BITB, BitBean,0,1,0
ESP, Espers,0,1,0
ZET, Zetacoin,0,1,0
PINK, PinkCoin,0,1,0
CRB, Creditbit,0,1,0
BLITZ, Blitzcash,0,1,0
NVC, Novacoin,0,1,0
AUR, Auroracoin,0,1,0
DAXX, DaxxCoin,0,1,0
GCR, Global Currency Reserve,0,1,0
BSD, BitSend,0,1,0
ICOO, ICO OpenLedger,0,1,0
PZM, PRIZM,0,1,0
OK, OKCash,0,1,0
SEQ, Sequence,0,1,0
PDC, Project Decorum,0,1,0
CHC, ChainCoin,0,1,0
MUSIC, Musicoin,0,1,0
GLD, GoldCoin,0,1,0
NVST, NVO,0,1,0
PBT, Primalbase Token,0,1,0
CURE, Curecoin,0,1,0
SMART, SmartCash,0,1,0
MAX, MaxCoin,0,1,0
MINT, Mintcoin,0,1,0
DAR, Darcrus,0,1,0
CMP, Compcoin,0,1,0
XC, XCurrency,0,1,0
WBB, Wild Beast Block,0,1,0
ZCC, ZcCoin,0,1,0
XBB, Boolberry,0,1,0
BITUSD, bitUSD,0,1,0
PUT, PutinCoin,0,1,0
EQT, EquiTrader,0,1,0
SNRG, Synergy,0,1,0
ATMS, Atmos,0,1,0
RIC, Riecoin,0,1,0
XMY, Myriad,0,1,0
XVC, Vcash,0,1,0
EMV, Ethereum Movie Venture,0,1,0
VISIO, Visio,0,1,0
SBD, Steem Dollars,0,1,0
XSPEC, Spectrecoin,0,1,0
QWARK, Qwark,0,1,0
TRIG, Triggers,0,1,0
ZRC, ZrCoin,0,1,0
NAUT, NautilusCoin,0,1,0
DYN, Dynamic,0,1,0
ZCL, ZClassic,0,1,0
EXCL, ExclusiveCoin,0,1,0
SNC, SunContract,0,1,0
XST, Stealthcoin,0,1,0
DIME, Dimecoin,0,1,0
VRM, VeriumReserve,0,1,0
INSN, InsaneCoin,0,1,0
STA, Starta,0,1,0
ZENI, Zennies,0,1,0
SWIFT, Bitswift,0,1,0
BLOCKPAY, BlockPay,0,1,0
GEO, GeoCoin,0,1,0
DOPE, DopeCoin,0,1,0
ZEIT, Zeitcoin,0,1,0
TAG, TagCoin,0,1,0
MBRS, Embers,0,1,0
LGD, Legends Room,0,1,0
FNC, FinCoin,0,1,0
INPAY, InPay,0,1,0
CRAVE, Crave,0,1,0
BRX, Breakout Stake,0,1,0
2GIVE, 2GIVE,0,1,0
KORE, KoreCoin,0,1,0
CCRB, CryptoCarbon,0,1,0
BTA, Bata,0,1,0
VTR, vTorrent,0,1,0
1337,1337,0,1,0
POSW, PoSW Coin,0,1,0
XP, XP,0,1,0
SYNX, Syndicate,0,1,0
ADZ, Adzcoin,0,1,0
TRC, Terracoin,0,1,0
INSANE, InsaneCoin,0,1,0
DOT, Dotcoin,0,1,0
BRK, Breakout,0,1,0
VSM, VOISE,0,1,0
ERC, EuropeCoin,0,1,0
COE, CoEval,0,1,0
SKIN, SkinCoin,0,1,0
START, Startcoin,0,1,0
TX, TransferCoin,0,1,0
PTC, Pesetacoin,0,1,0
NTRN, Neutron,0,1,0
ATCC, ATC Coin,0,1,0
XWC, WhiteCoin,0,1,0
FST, Fastcoin,0,1,0
PING, CryptoPing,0,1,0
ADC, AudioCoin,0,1,0
ARC, ArcticCoin,0,1,0
ADL, Adelphoi,0,1,0
NSR, NuShares,0,1,0
EGC, EverGreenCoin,0,1,0
HUC, HunterCoin,0,1,0
MER, Mercury,0,1,0
PEPE, PepeCoin,0,1,0
NETKO, Netko,0,1,0
HUSH, Hush,0,1,0
NKA, IncaKoin,0,1,0
BTM, Bitmark,0,1,0
THC, HempCoin,0,1,0
RNS, Renos,0,1,0
HTML5, HTMLCOIN,0,1,0
FUCK, FuckToken,0,1,0
RAIN, Condensate,0,1,0
TKS, Tokes,0,1,0
CANN, CannabisCoin,0,1,0
HKG, Hacker Gold,0,1,0
TIX, Tickets,0,1,0
TIPS, FedoraCoin,0,1,0
XTO, Tao,0,1,0
EFL, e-Gulden,0,1,0
ICE, iDice,0,1,0
HYP, HyperStake,0,1,0
LINDA, Linda,0,1,0
LDOGE, LiteDoge,0,1,0
MNE, Minereum,0,1,0
SXC, Sexcoin,0,1,0
LNK, Link Platform,0,1,0
PKB, ParkByte,0,1,0
XTC, TileCoin,0,1,0
PND, Pandacoin,0,1,0
TRUST, TrustPlus,0,1,0
CREA, Creativecoin,0,1,0
HPC, Happycoin,0,1,0
PIE, PIECoin,0,1,0
CRM, Cream,0,1,0
FOOT, Footy Cash,0,1,0
ALT, Altcoin,0,1,0
XMG, Magi,0,1,0
CBX, Crypto Bullion,0,1,0
DRACO, DT Token,0,1,0
E4ROW, E4ROW,0,1,0
BTX, Bitcore,0,1,0
ENT, Eternity,0,1,0
EL, Elcoin,0,1,0
WGO, WavesGo,0,1,0
RLT, RouletteToken,0,1,0
CDN, Canada eCoin,0,1,0
UIS, Unitus,0,1,0
FIMK, FIMKrypto,0,1,0
NET, NetCoin,0,1,0
GLC, GlobalCoin,0,1,0
MOIN, Moin,0,1,0
LOG, Woodcoin,0,1,0
CPC, Capricoin,0,1,0
FJC, FujiCoin,0,1,0
RBX, Ripto Bux,0,1,0
HTC, HitCoin,0,1,0
XVP, Virtacoinplus,0,1,0
HERO, Sovereign Hero,0,1,0
BYC, Bytecent,0,1,0
PIGGY, Piggycoin,0,1,0
EMB, EmberCoin,0,1,0
BTB, BitBar,0,1,0
INFX, Influxcoin,0,1,0
BLU, BlueCoin,0,1,0
ZUR, Zurcoin,0,1,0
PAK, Pakcoin,0,1,0
MRT, Miners' Reward Token,0,1,0
I0C, I0Coin,0,1,0
DNR, Denarius,0,1,0
IFLT, InflationCoin,0,1,0
ITI, iTicoin,0,1,0
FCN, Fantomcoin,0,1,0
DCY, Dinastycoin,0,1,0
MNY, Monkey,0,1,0
USNBT, NuBits,0,1,0
VUC, Virta Unique Coin,0,1,0
OTX, Octanox,0,1,0
CV2, Colossuscoin V2,0,1,0
TRUMP, TrumpCoin,0,1,0
KEK, KekCoin,0,1,0
V, Version,0,1,0
HNC, Helleniccoin,0,1,0
FLY, Flycoin,0,1,0
UNB, UnbreakableCoin,0,1,0
POST, PostCoin,0,1,0
KRB, Karbowanec,0,1,0
ZER, Zero,0,1,0
SPRTS, Sprouts,0,1,0
ZOI, Zoin,0,1,0
CFT, CryptoForecast,0,1,0
42, 42-coin,0,1,0
YOC, Yocoin,0,1,0
CNC, CHNCoin,0,1,0
SUMO, Sumokoin,0,1,0
CACH, CacheCoin,0,1,0
UFO, UFO Coin,0,1,0
UNIFY, Unify,0,1,0
RUSTBITS, Rustbits,0,1,0
PXC, Phoenixcoin,0,1,0
JET, JetCoin,0,1,0
TRI, Triangles,0,1,0
LINX, Linx,0,1,0
PROC, ProCurrency,0,1,0
RBIES, Rubies,0,1,0
SLM, Slimcoin,0,1,0
XHI, HiCoin,0,1,0
FRN, Francs,0,1,0
MZC, MazaCoin,0,1,0
FXE, FuturXe,0,1,0
LANA, LanaCoin,0,1,0
Q2C, QubitCoin,0,1,0
CAGE, CageCoin,0,1,0
XVS, Vsync,0,1,0
CNT, Centurion,0,1,0
ATOM, Atomic Coin,0,1,0
808, 808Coin,0,1,0
8BIT, 8Bit,0,1,0
BITBTC, bitBTC,0,1,0
NEWB, Newbium,0,1,0
DGC, Digitalcoin,0,1,0
TSE, Tattoocoin (Standard Edition),0,1,0
DEM, Deutsche eMark,0,1,0
ANC, Anoncoin,0,1,0
DAS, DAS,0,1,0
GB, GoldBlocks,0,1,0
PSB, Pesobit,0,1,0
CJ, Cryptojacks,0,1,0
XRA, Ratecoin,0,1,0
BLC, Blakecoin,0,1,0
CAT, Catcoin,0,1,0
OHM, OHM Wallet,0,1,0
BITSILVER, bitSilver,0,1,0
TEK, TEKcoin,0,1,0
KURT, Kurrent,0,1,0
XPTX, PlatinumBAR,0,1,0
XCT, C-Bit,0,1,0
GCC, TheGCCcoin,0,1,0
KAYI, Kayi,0,1,0
IOU, IOU1,0,1,0
BLAS, BlakeStar,0,1,0
EMD, Emerald Crypto,0,1,0
XCRE, Creatio,0,1,0
XLR, Solaris,0,1,0
BOLI, Bolivarcoin,0,1,0
BITGOLD, bitGold,0,1,0
ASAFE2, AllSafe,0,1,0
CORG, CorgiCoin,0,1,0
PASL, Pascal Lite,0,1,0
PXI, Prime-XI,0,1,0
BITEUR, bitEUR,0,1,0
PRC, PRCoin,0,1,0
SCORE, Scorecoin,0,1,0
MSCN, Master Swiscoin,0,1,0
MOJO, MojoCoin,0,1,0
ADCN, Asiadigicoin,0,1,0
ARI, Aricoin,0,1,0
BVC, BeaverCoin,0,1,0
UET, Useless Ethereum Token,0,1,0
GLT, GlobalToken,0,1,0
CON, PayCon,0,1,0
SPEX, SproutsExtreme,0,1,0
MCRN, MACRON,0,1,0
RUP, Rupee,0,1,0
MTM, MTMGaming,0,1,0
CPN, CompuCoin,0,1,0
300, 300 Token,0,1,0
CXT, Coinonat,0,1,0
MI, Xiaomicoin,0,1,0
CNNC, Cannation,0,1,0
VRS, Veros,0,1,0
ERY, Eryllium,0,1,0
RUPX, Rupaya,0,1,0
TOR, Torcoin,0,1,0
BQC, BBQCoin,0,1,0
MAR, Marijuanacoin,0,1,0
VLTC, Vault Coin,0,1,0
MNC, MantraCoin,0,1,0
PHO, Photon,0,1,0
CMPCO, CampusCoin,0,1,0
GP, GoldPieces,0,1,0
AMS, AmsterdamCoin,0,1,0
MAO, Mao Zedong,0,1,0
CHAO, 23 Skidoo,0,1,0
ECO, EcoCoin,0,1,0
VIP, VIP Tokens,0,1,0
MND, MindCoin,0,1,0
LBTC, LiteBitcoin,0,1,0
WEX, Wexcoin,0,1,0
ZYD, Zayedcoin,0,1,0
BRIA, BriaCoin,0,1,0
CTIC2, Coimatic 2.0,0,1,0
EBT, Ebittree Coin,0,1,0
ARGUS, Argus,0,1,0
ONX, Onix,0,1,0
LVPS, LevoPlus,0,1,0
XNG, Enigma,0,1,0
UNITY, SuperNET,0,1,0
MUSE, MUSE,0,1,0
B@, Bankcoin,0,1,0
JINN, Jinn,0,1,0
MED, MediterraneanCoin,0,1,0
DEX, InstantDEX,0,1,0
JNS, Janus,0,1,0
AC, AsiaCoin,0,1,0
IXC, Ixcoin,0,1,0
FUND, Cryptofund,0,1,0
PANGEA, Pangea Poker,0,1,0
BITZ, Bitz,0,1,0
YASH, YashCoin,0,1,0
CTR, Centa,0,1,0
CARBON, Carboncoin,0,1,0
FUNC, FUNCoin,0,1,0
RC, RussiaCoin,0,1,0
USC, Ultimate Secure Cash,0,1,0
ORB, Orbitcoin,0,1,0
TES, TeslaCoin,0,1,0
BTD, Bitcloud,0,1,0
BTSR, BTSR,0,1,0
BRIT, BritCoin,0,1,0
ECA, Electra,0,1,0
SDC, ShadowCash,0,1,0
MXT, MarteXcoin,0,1,0
ARC, Arcade Token,0,1,0
TOKEN, SwapToken,0,1,0
CNO, Coin(O),0,1,0
TROLL, Trollcoin,0,1,0
CRYPT, CryptCoin,0,1,0
ETB, Ethbits,0,1,0
SUPER, SuperCoin,0,1,0
CASINO, Casino,0,1,0
METAL, MetalCoin,0,1,0
GOOD, Good Karma,0,1,0
NOBL, NobleCoin,0,1,0
GCN, GCoin,0,1,0
SHORTY, Shorty,0,1,0
SMC, SmartCoin,0,1,0
SMLY, SmileyCoin,0,1,0
DVC, Devcoin,0,1,0
GRE, Greencoin,0,1,0
BTX, BitcoinTX,0,1,0
RAREPEPEP, Rare Pepe Party,0,1,0
CSC, CasinoCoin,0,1,0
KOBO, Kobocoin,0,1,0
TALK, BTCtalkcoin,0,1,0
J, Joincoin,0,1,0
XGR, GoldReserve,0,1,0
FUNK, The Cypherfunks,0,1,0
FLT, FlutterCoin,0,1,0
NYC, NewYorkCoin,0,1,0
MAC, Machinecoin,0,1,0
DSH, Dashcoin,0,1,0
BSTY, GlobalBoost-Y,0,1,0
HBN, HoboNickels,0,1,0
GAIA, GAIA,0,1,0
CCN, Cannacoin,0,1,0
AU, AurumCoin,0,1,0
REE, ReeCoin,0,1,0
STS, Stress,0,1,0
20, 020LondonCoin,0,1,0
HODL, HOdlcoin,0,1,0
TIT, Titcoin,0,1,0
LOT, LottoCoin,0,1,0
UTC, UltraCoin,0,1,0
C2, Coin2.1,0,1,0
SWING, Swing,0,1,0
4CHN, ChanCoin,0,1,0
XPY, PayCoin,0,1,0
BITS, Bitstar,0,1,0
TRK, Truckcoin,0,1,0
CHESS, ChessCoin,0,1,0
ICN, iCoin,0,1,0
GTC, Global Tour Coin,0,1,0
VIDZ, PureVidz,0,1,0
FC2, FuelCoin,0,1,0
CAP, Bottlecaps,0,1,0
UNITS, GameUnits,0,1,0
BUCKS, SwagBucks,0,1,0
BOST, BoostCoin,0,1,0
FRC, Freicoin,0,1,0
NYAN, Nyancoin,0,1,0
KIC, KibiCoin,0,1,0
VLT, Veltor,0,1,0
AMBER, AmberCoin,0,1,0
UNIBURST, UniBURST,0,1,0
BUN, BunnyCoin,0,1,0
DUO, ParallelCoin,0,1,0
B3, B3Coin,0,1,0
DP, DigitalPrice,0,1,0
ELE, Elementrem,0,1,0
BERN, BERNcash,0,1,0
SRC, SecureCoin,0,1,0
BXT, BitTokens,0,1,0
STV, Sativacoin,0,1,0
UNI, Universe,0,1,0
UNIC, UniCoin,0,1,0
TTC, TittieCoin,0,1,0
XRE, RevolverCoin,0,1,0
KED, Darsek,0,1,0
XJO, Joulecoin,0,1,0
AGLC, AgrolifeCoin,0,1,0
SLG, Sterlingcoin,0,1,0
LTB, LiteBar,0,1,0
DLC, Dollarcoin,0,1,0
VAL, Valorbit,0,1,0
TGC, Tigercoin,0,1,0
MNM, Mineum,0,1,0
WAY, WayGuide,0,1,0
KUSH, KushCoin,0,1,0
BIGUP, BigUp,0,1,0
BTCR, Bitcurrency,0,1,0
GRT, Grantcoin,0,1,0
PR, Prototanium,0,1,0
XCO, X-Coin,0,1,0
ICOB, ICOBID,0,1,0
YAC, Yacoin,0,1,0
IMS, Independent Money System,0,1,0
HMP, HempCoin,0,1,0
BTCS, Bitcoin Scrypt,0,1,0
GUN, Guncoin,0,1,0
BUMBA, BumbaCoin,0,1,0
DIBC, DIBCOIN,0,1,0
XPD, PetroDollar,0,1,0
ARCO, AquariusCoin,0,1,0
EUC, Eurocoin,0,1,0
888, OctoCoin,0,1,0
SPT, Spots,0,1,0
PIP, PipCoin,0,1,0
RED, RedCoin,0,1,0
CUBE, DigiCube,0,1,0
GAP, Gapcoin,0,1,0
QCN, QuazarCoin,0,1,0
CRX, Chronos,0,1,0
QTL, Quatloo,0,1,0
KLC, KiloCoin,0,1,0
ACOIN, Acoin,0,1,0
RBT, Rimbit,0,1,0
EVIL, Evil Coin,0,1,0
DBTC, Debitcoin,0,1,0
SPACE, SpaceCoin,0,1,0
HONEY, Honey,0,1,0
CYP, Cypher,0,1,0
ZNY, Bitzeny,0,1,0
POP, PopularCoin,0,1,0
FLAX, Flaxscript,0,1,0
TAJ, TajCoin,0,1,0
MAD, SatoshiMadness,0,1,0
TRADE2, TradecoinV2,0,1,0
MARS, Marscoin,0,1,0
PHS, Philosopher Stones,0,1,0
GPU, GPU Coin,0,1,0
SCRT, SecretCoin,0,1,0
HAL, Halcyon,0,1,0
FRK, Franko,0,1,0
BIP, BipCoin,0,1,0
EVO, Evotion,0,1,0
NEVA, NevaCoin,0,1,0
URC, Unrealcoin,0,1,0
WORM, HealthyWormCoin,0,1,0
WMC, WMCoin,0,1,0
611, SixEleven,0,1,0
UNIT, Universal Currency,0,1,0
DIX, Dix Asset,0,1,0
JIN, Jin Coin,0,1,0
JWL, Jewels,0,1,0
VEC2, Vector,0,1,0
MST, MustangCoin,0,1,0
GPL, Gold Pressed Latinum,0,1,0
BOB, Dobbscoin,0,1,0
DRM, Dreamcoin,0,1,0
ATX, Artex Coin,0,1,0
AUM, Alexium,0,1,0
BTPL, Bitcoin Planet,0,1,0
ARG, Argentum,0,1,0
PONZI, PonziCoin,0,1,0
U, UCoin,0,1,0
BLRY, BillaryCoin,0,1,0
CREVA, CrevaCoin,0,1,0
GBC, GBCGoldCoin,0,1,0
NRO, Neuro,0,1,0
ISL, IslaCoin,0,1,0
URO, Uro,0,1,0
SOON, SoonCoin,0,1,0
FLVR, FlavorCoin,0,1,0
HXX, Hexx,0,1,0
MEOW, Kittehcoin,0,1,0
ALL, Allion,0,1,0
PULSE, Pulse,0,1,0
GCC, GuccioneCoin,0,1,0
LUNA, Luna Coin,0,1,0
ANTI, AntiBitcoin,0,1,0
SLING, Sling,0,1,0
BNX, BnrtxCoin,0,1,0
RPC, RonPaulCoin,0,1,0
CTO, Crypto,0,1,0
FIRE, Firecoin,0,1,0
PUTIC, Putin Classic,0,1,0
DRS, Digital Rupees,0,1,0
BIOS, BiosCrypto,0,1,0
PX, PX,0,1,0
CESC, CryptoEscudo,0,1,0
COAL, BitCoal,0,1,0
$$$, Money,0,1,0
XBTC21, Bitcoin 21,0,1,0
SOCC, SocialCoin,0,1,0
MTLMC3, Metal Music Coin,0,1,0
BCF, BitcoinFast,0,1,0
BENJI, BenjiRolls,0,1,0
ARB, ARbit,0,1,0
STEPS, Steps,0,1,0
PRX, Printerium,0,1,0
SONG, SongCoin,0,1,0
LEA, LeaCoin,0,1,0
VTA, Virtacoin,0,1,0
TSTR, Tristar Coin,0,1,0
RIDE, Ride My Car,0,1,0
VC, VirtualCoin,0,1,0
SFC, Solarflarecoin,0,1,0
CWXT, CryptoWorldX Token,0,1,0
VPRC, VapersCoin,0,1,0
IMX, Impact,0,1,0
CMT, Comet,0,1,0
CAB, Cabbage,0,1,0
DOLLAR, Dollar Online,0,1,0
MILO, MiloCoin,0,1,0
FUZZ, FuzzBalls,0,1,0
GBT, GameBet Coin,0,1,0
BTQ, BitQuark,0,1,0
OFF, Cthulhu Offerings,0,1,0
HIRO, Hirocoin,0,1,0
BSTAR, Blackstar,0,1,0
G3N, G3N,0,1,0
CASH, Cashcoin,0,1,0
ACP, AnarchistsPrime,0,1,0
DES, Destiny,0,1,0
KNC, KingN Coin,0,1,0
ZMC, ZetaMicron,0,1,0
BSC, BowsCoin,0,1,0
WARP, WARP,0,1,0
HVCO, High Voltage,0,1,0
ORLY, Orlycoin,0,1,0
XOC, Xonecoin,0,1,0
OS76, OsmiumCoin,0,1,0
CONX, Concoin,0,1,0
MAY, Theresa May Coin,0,1,0
AMMO, Ammo Rewards,0,1,0
EGO, EGO,0,1,0
BOAT, Doubloon,0,1,0
BLZ, BlazeCoin,0,1,0
LTBC, LTBcoin,0,1,0
PLNC, PLNcoin,0,1,0
RSGP, RSGPcoin,0,1,0
DLISK, DAPPSTER,0,1,0
ZNE, Zonecoin,0,1,0
WYV, Wyvern,0,1,0
XBTS, Beatcoin,0,1,0
420G, GanjaCoin,0,1,0
GEERT, GeertCoin,0,1,0
IBANK, iBank,0,1,0
ICON, Iconic,0,1,0
SH, Shilling,0,1,0
DPAY, DPAY,0,1,0
TAGR, TAGRcoin,0,1,0
IMPS, ImpulseCoin,0,1,0
CRT, CRTCoin,0,1,0
ELS, Elysium,0,1,0
LIR, LetItRide,0,1,0
JIO, JIO Token,0,1,0
SLEVIN, Slevin,0,1,0
SCS, Speedcash,0,1,0
PEX, PosEx,0,1,0
XRC, Rawcoin,0,1,0
SANDG, Save and Gain,0,1,0
CCM100, CCMiner,0,1,0
ALTC, Antilitecoin,0,1,0
VOLT, Bitvolt,0,1,0
JOBS, JobsCoin,0,1,0
MGM, Magnum,0,1,0
LTCR, Litecred,0,1,0
IMPCH, Impeachcoin,0,1,0
SDP, SydPak,0,1,0
BIOB, BioBar,0,1,0
REV, Revenu,0,1,0
OCEAN, BurstOcean,0,1,0
QBK, Qibuck Asset,0,1,0
LEX, Lex4All,0,1,0
NODC, NodeCoin,0,1,0
ABN, Abncoin,0,1,0
P7C, P7Coin,0,1,0
ENV, Environ,0,1,0
CF, Californium,0,1,0
SLFI, Selfiecoin,0,1,0
1CR, 1CRedit,0,1,0
PIZZA, PizzaCoin,0,1,0
DRAGON, BTCDragon,0,1,0
FDC, Future Digital Currency,0,1,0
ZHS, Zcashshare,0,1,0
PWR, Powercoin,0,1,0
DGCS, Digital Credits,0,1,0
MUG, MikeTheMug,0,1,0
DMB, Digital Money Bits,0,1,0
XEN, Xenixcoin,0,1,0
CALC, CaliphCoin,0,1,0
GXS, GXShares,0,1,0
CDT, CoinDash,0,1,0
SJCX, Storjcoin X,0,1,0
FRGC, Fargocoin,0,1,0
HLB, Lepaoquan,0,1,0
DMC, DynamicCoin,0,1,0
BTU, Bitcoin Unlimited (Futures),0,1,0
IOP, Internet of People,0,1,0
XID, Sphre AIR ,0,1,0
BGC, BagCoin,0,1,0
GYC, Gycoin,0,1,0
GP, Goldpay Coin,0,1,0
CLUB, ClubCoin,0,1,0
MALC, Malcoin,0,1,0
PCS, Pabyosi Coin (Special),0,1,0
SHELL, ShellPay,0,1,0
HBC, HBCoin,0,1,0
AE, Aeternity (Pre-Launch),0,1,0
GBRC, Global Business Revolution,0,1,0
AXF, AxFunds,0,1,0
HMC, HarmonyCoin,0,1,0
FBC, FiboCoins,0,1,0
TIX, Blocktix,0,1,0
DTF, Digitalfund,0,1,0
DEUS, DeusCoin,0,1,0
STCN, Stakecoin,0,1,0
MGC, GulfCoin,0,1,0
ZBC, Zilbercoin,0,1,0
WA, WA Space,0,1,0
WINK, Wink,0,1,0
DHG, DHG,0,1,0
GBG, Golos Gold,0,1,0
VOYA, Voyacoin,0,1,0
NXX, Nexxus,0,1,0
EBST, eBoost,0,1,0
FEI, Fuda Energy,0,1,0
FAL, Falcoin,0,1,0
MOTO, Motocoin,0,1,0
CVCOIN, CVCoin,0,1,0
APC, AlpaCoin,0,1,0
MINEX, Minex,0,1,0
MG, Mind Gene,0,1,0
TYCHO, Tychocoin,0,1,0
FYN, FundYourselfNow (Pre-Launch),0,1,0
HCC, Happy Creator Coin,0,1,0
TERA, TeraCoin,0,1,0
RMC, Remicoin,0,1,0
MEN, PeopleCoin,0,1,0
TCOIN, T-coin,0,1,0
BITOK, Bitok,0,1,0
9COIN, 9COIN,0,1,0
THS, TechShares,0,1,0
FEDS, FedoraShare,0,1,0
TER, TerraNova,0,1,0
RUBIT, RubleBit,0,1,0
BITCF, First Bitcoin Capital,0,1,0
PAC, Paccoin,0,1,0
SKULL, Pirate Blocks,0,1,0
VGC, VegasCoin,0,1,0
EDRC, EDRCoin,0,1,0
XSTC, Safe Trade Coin,0,1,0
ABC, Alphabit,0,1,0
DON, Donationcoin,0,1,0
XOT, Internet of Things,0,1,0
SHND, StrongHands,0,1,0
BET, BetaCoin,0,1,0
TYC, Tyrocoin,0,1,0
FLASH, Flash,0,1,0
BURN, President Sanders,0,1,0
EMP, EMoneyPower,0,1,0
TESLA, TeslaCoilCoin,0,1,0
MARX, MarxCoin,0,1,0
PRES, President Trump,0,1,0
AV, AvatarCoin,0,1,0
OCT, OracleChain,0,1,0
YOG, Yogold,0,1,0
XRY, Royalties,0,1,0
CYC, Cycling Coin,0,1,0
XBG, BTCGold,0,1,0
LEPEN, LePen,0,1,0
EFYT, Ergo,0,1,0
ANTX, Antimatter,0,1,0
SHA, SHACoin,0,1,0
BIT, First Bitcoin,0,1,0
PRIMU, Primulon,0,1,0
GSR, GeyserCoin,0,1,0
MONEY, MoneyCoin,0,1,0
GARY, President Johnson,0,1,0
BAT, BatCoin,0,1,0
ANI, Animecoin,0,1,0
TLE, Tattoocoin (Limited Edition),0,1,0
BIRDS, Birds,0,1,0
QBT, Cubits,0,1,0
LTH, LAthaan,0,1,0
OPES, Opescoin,0,1,0
RBBT, RabbitCoin,0,1,0
HALLO, Halloween Coin,0,1,0
LDCN, LandCoin,0,1,0
STEX, STEX,0,1,0
FONZ, Fonziecoin,0,1,0
SKR, Sakuracoin,0,1,0
UTA, UtaCoin,0,1,0
LKC, LinkedCoin,0,1,0
SOIL, SOILcoin,0,1,0
BRO, Bitradio,0,1,0
TELL, Tellurion,0,1,0
UR, UR,0,1,0
UNC, UNCoin,0,1,0
VTY, Victoriouscoin,0,1,0
WEC, Wowecoin,0,1,0
NTCC, Neptune Classic,0,1,0
IVZ, InvisibleCoin,0,1,0
BTWTY, Bit20,0,1,0
FFC, FireFlyCoin,0,1,0
ZENGOLD, ZenGold,0,1,0
TODAY, TodayCoin,0,1,0
ROYAL, RoyalCoin,0,1,0
WOMEN, WomenCoin,0,1,0
AXIOM, Axiom,0,1,0
XLC, LeviarCoin (Pre-Launch),0,1,0
ELC, Elacoin,0,1,0
SAK, Sharkcoin,0,1,0
CC, CyberCoin,0,1,0
OPAL, Opal,0,1,0
ACN, Avoncoin,0,1,0
BEST, BestChain,0,1,0
TEAM, TeamUp,0,1,0
REGA, Regacoin,0,1,0
ZSE, ZSEcoin,0,1,0
GAIN, UGAIN,0,1,0
SKC, Skeincoin,0,1,0
GUC, GoldUnionCoin,0,1,0
SNAKE, SnakeEyes,0,1,0
RCN, Rcoin,0,1,0
FAZZ, Fazzcoin,0,1,0
QBC, Quebecoin,0,1,0
HYPER, Hyper,0,1,0
KASHH, KashhCoin,0,1,0
NANOX, Project-X,0,1,0
TRICK, TrickyCoin,0,1,0
FUTC, FutCoin,0,1,0
LAZ, Lazaruscoin,0,1,0
QORA, Qora,0,1,0
PCN, PeepCoin,0,1,0
DISK, DarkLisk,0,1,0
MIU, MIYUCoin,0,1,0
BRAIN, Braincoin,0,1,0
ACES, Aces,0,1,0
BLAZR, BlazerCoin,0,1,0
MONETA, Moneta,0,1,0
IRL, IrishCoin,0,1,0
XAU, Xaucoin,0,1,0
EGG, EggCoin,0,1,0
BGR, Bongger,0,1,0
SOUL, SoulCoin,0,1,0
DBG, Digital Bullion Gold,0,1,0
YES, Yescoin,0,1,0
PDG, PinkDog,0,1,0
WOW, Wowcoin,0,1,0
CLINT, Clinton,0,1,0
RHFC, RHFCoin,0,1,0
XQN, Quotient,0,1,0
BXC, Bitcedi,0,1,0
BAC, BitAlphaCoin,0,1,0
BTG, Bitgem,0,1,0
GAY, GAY Money,0,1,0
SHELL, ShellCoin,0,1,0
FRWC, FrankyWillCoin,0,1,0
XVE, The Vegan Initiative,0,1,0
KARMA, Karmacoin,0,1,0
MBL, MobileCash,0,1,0
AIB, Advanced Internet Blocks,0,1,0
HILL, President Clinton,0,1,0
PAYP, PayPeer,0,1,0
TURBO, TurboCoin,0,1,0
PI, PiCoin,0,1,0
NBIT, netBit,0,1,0
DCRE, DeltaCredits,0,1,0
PSY, Psilocybin,0,1,0
POKE, PokeCoin,0,1,0
CME, Cashme,0,1,0
XDE2, XDE II,0,1,0
DUB, Dubstep,0,1,0
DASHS, Dashs,0,1,0
GOLF, Golfcoin,0,1,0
X2, X2,0,1,0
QRZ, Quartz,0,1,0
COXST, CoExistCoin,0,1,0
MMXVI, MMXVI,0,1,0
OCOW, OCOW,0,1,0
SPORT, SportsCoin,0,1,0
COUPE, Coupecoin,0,1,0
XID, International Diamond,0,1,0
TIC, True Investment Coin,0,1,0
SYNC, Sync,0,1,0
TCR, TheCreed,0,1,0
RICHX, RichCoin,0,1,0
CBD, CBD Crystals,0,1,0
OMC, Omicron,0,1,0
GML, GameLeagueCoin,0,1,0
AMIS, AMIS,0,1,0
TOPAZ, Topaz Coin,0,1,0
PRM, PrismChain,0,1,0
STRB, SuperTurboStake,0,1,0
UNRC, UniversalRoyalCoin,0,1,0
IEC, IvugeoCoin,0,1,0
RYCN, RoyalCoin 2,0,1,0
TROPTIONS, TROPTIONS,0,1,0
OCN, OperaCoin,0,1,0
HNC, Huncoin,0,1,0
ELCO, ELcoin,0,1,0
WSX, WeAreSatoshi,0,1,0
NBE, BitCentavo,0,1,0
OP, Operand,0,1,0
CHEAP, Cheapcoin,0,1,0
GMB, Gambleo,0,1,0
ASC, AsicCoin,0,1,0
WARRANT, OBITS.WARRANT,0,1,0
GMX, GoldMaxCoin,0,1,0
DFT, DraftCoin,0,1,0
MAVRO, Mavro,0,1,0
MRC, microCoin,0,1,0
TP1, KolschCoin,0,1,0
ETX, Etherx,0,1,0
SFE, SafeCoin,0,1,0
BUK, CryptoBuck,0,1,0
ADT, The Aladin,0,1,0